chapter,paragraph,status
6,P1,finding recorded in report table
6,P2,finding recorded in report table
6,P3,reviewed: no discrepancy found
6,P4,finding recorded in report table
6,P5,reviewed: no discrepancy found
6,P6,reviewed: no discrepancy found
6,P7,finding recorded in report table
6,P8,reviewed: no discrepancy found
6,P9,reviewed: no discrepancy found
6,P10,finding recorded in report table
6,P11,reviewed: no discrepancy found
6,P12,reviewed: no discrepancy found
6,P13,finding recorded in report table
6,P14,reviewed: no discrepancy found
6,P15,reviewed: no discrepancy found
6,P16,reviewed: no discrepancy found
6,P17,reviewed: no discrepancy found
6,P18,finding recorded in report table
6,P19,reviewed: no discrepancy found
6,P20,reviewed: no discrepancy found
6,P21,reviewed: no discrepancy found
6,P22,reviewed: no discrepancy found
6,P23,reviewed: no discrepancy found
6,P24,finding recorded in report table
6,P25,reviewed: no discrepancy found
6,P26,finding recorded in report table
6,P27,reviewed: no discrepancy found
6,P28,reviewed: no discrepancy found
6,P29,reviewed: no discrepancy found
6,P30,reviewed: no discrepancy found
6,P31,finding recorded in report table
6,P32,reviewed: no discrepancy found
6,P33,reviewed: no discrepancy found
6,P34,reviewed: no discrepancy found
6,P35,finding recorded in report table
6,P36,reviewed: no discrepancy found
6,P37,reviewed: no discrepancy found
6,P38,reviewed: no discrepancy found
6,P39,finding recorded in report table
6,P40,finding recorded in report table
6,P41,reviewed: no discrepancy found
6,P42,reviewed: no discrepancy found
6,P43,reviewed: no discrepancy found
6,P44,reviewed: no discrepancy found
6,P45,finding recorded in report table
6,P46,reviewed: no discrepancy found
6,P47,finding recorded in report table
6,P48,reviewed: no discrepancy found
6,P49,reviewed: no discrepancy found
6,P50,finding recorded in report table
6,P51,reviewed: no discrepancy found
6,P52,reviewed: no discrepancy found
6,P53,reviewed: no discrepancy found
6,P54,reviewed: no discrepancy found
6,P55,finding recorded in report table
6,P56,finding recorded in report table
6,P57,finding recorded in report table
6,P58,reviewed: no discrepancy found
6,P59,reviewed: no discrepancy found
6,P60,reviewed: no discrepancy found
6,P61,reviewed: no discrepancy found
6,P62,reviewed: no discrepancy found
6,P63,reviewed: no discrepancy found
6,P64,reviewed: no discrepancy found
6,P65,reviewed: no discrepancy found
6,P66,reviewed: no discrepancy found
6,P67,reviewed: no discrepancy found
6,P68,reviewed: no discrepancy found
6,P69,reviewed: no discrepancy found
6,P70,reviewed: no discrepancy found
6,P71,finding recorded in report table
6,P72,reviewed: no discrepancy found
6,P73,reviewed: no discrepancy found
6,P74,reviewed: no discrepancy found
6,P75,finding recorded in report table
6,P76,reviewed: no discrepancy found
6,P77,reviewed: no discrepancy found
6,P78,finding recorded in report table
6,P79,reviewed: no discrepancy found
6,P80,reviewed: no discrepancy found
6,P81,reviewed: no discrepancy found
6,P82,reviewed: no discrepancy found
6,P83,reviewed: no discrepancy found
6,P84,reviewed: no discrepancy found
6,P85,reviewed: no discrepancy found
6,P86,reviewed: no discrepancy found
6,P87,reviewed: no discrepancy found
6,P88,reviewed: no discrepancy found
6,P89,reviewed: no discrepancy found
6,P90,reviewed: no discrepancy found
6,P91,finding recorded in report table
6,P92,finding recorded in report table
6,P93,reviewed: no discrepancy found
6,P94,reviewed: no discrepancy found
6,P95,reviewed: no discrepancy found
6,P96,reviewed: no discrepancy found
6,P97,finding recorded in report table
6,P98,finding recorded in report table
6,P99,finding recorded in report table
6,P100,reviewed: no discrepancy found
6,P101,finding recorded in report table
6,P102,finding recorded in report table
6,P103,reviewed: no discrepancy found
6,P104,reviewed: no discrepancy found
6,P105,finding recorded in report table
6,P106,reviewed: no discrepancy found
6,P107,finding recorded in report table
6,P108,reviewed: no discrepancy found
6,P109,finding recorded in report table
6,P110,reviewed: no discrepancy found
6,P111,reviewed: no discrepancy found
6,P112,reviewed: no discrepancy found
6,P113,reviewed: no discrepancy found
6,P114,finding recorded in report table
6,P115,reviewed: no discrepancy found
6,P116,reviewed: no discrepancy found
6,P117,finding recorded in report table
6,P118,reviewed: no discrepancy found
6,P119,reviewed: no discrepancy found
6,P120,finding recorded in report table
6,P121,finding recorded in report table
6,P122,reviewed: no discrepancy found
6,P123,finding recorded in report table
6,P124,reviewed: no discrepancy found
6,P125,reviewed: no discrepancy found
6,P126,reviewed: no discrepancy found
6,P127,finding recorded in report table
6,P128,reviewed: no discrepancy found
6,P129,finding recorded in report table
6,P130,reviewed: no discrepancy found
6,P131,reviewed: no discrepancy found
6,P132,finding recorded in report table
6,P133,reviewed: no discrepancy found
6,P134,finding recorded in report table
6,P135,reviewed: no discrepancy found
6,P136,finding recorded in report table
6,P137,finding recorded in report table
6,P138,finding recorded in report table
6,P139,finding recorded in report table
6,P140,reviewed: no discrepancy found
6,P141,retain: printed/dialect/edition form deliberately preserved
6,P142,finding recorded in report table
6,P143,reviewed: no discrepancy found
6,P144,reviewed: no discrepancy found
6,P145,finding recorded in report table
6,P146,reviewed: no discrepancy found
6,P147,finding recorded in report table
6,P148,reviewed: no discrepancy found
6,P149,reviewed: no discrepancy found
6,P150,reviewed: no discrepancy found
6,P151,finding recorded in report table
6,P152,finding recorded in report table
6,P153,finding recorded in report table
6,P154,finding recorded in report table
6,P155,reviewed: no discrepancy found
6,P156,reviewed: no discrepancy found
6,P157,reviewed: no discrepancy found
6,P158,finding recorded in report table
6,P159,finding recorded in report table
6,P160,finding recorded in report table
6,P161,reviewed: no discrepancy found
6,P162,reviewed: no discrepancy found
6,P163,reviewed: no discrepancy found
6,P164,reviewed: no discrepancy found
6,P165,reviewed: no discrepancy found
6,P166,finding recorded in report table
6,P167,reviewed: no discrepancy found
6,P168,finding recorded in report table
6,P169,finding recorded in report table
6,P170,finding recorded in report table
6,P171,reviewed: no discrepancy found
6,P172,reviewed: no discrepancy found
6,P173,reviewed: no discrepancy found
6,P174,finding recorded in report table
6,P175,reviewed: no discrepancy found
6,P176,finding recorded in report table
6,P177,finding recorded in report table
6,P178,finding recorded in report table
6,P179,finding recorded in report table
6,P180,finding recorded in report table
6,P181,finding recorded in report table
6,P182,finding recorded in report table
6,P183,finding recorded in report table
6,P184,finding recorded in report table
6,P185,reviewed: no discrepancy found
6,P186,reviewed: no discrepancy found
6,P187,reviewed: no discrepancy found
6,P188,reviewed: no discrepancy found
6,P189,finding recorded in report table
6,P190,reviewed: no discrepancy found
6,P191,finding recorded in report table
6,P192,finding recorded in report table
6,P193,reviewed: no discrepancy found
6,P194,reviewed: no discrepancy found
6,P195,reviewed: no discrepancy found
6,P196,reviewed: no discrepancy found
6,P197,reviewed: no discrepancy found
6,P198,reviewed: no discrepancy found
6,P199,finding recorded in report table
6,P200,finding recorded in report table
6,P201,reviewed: no discrepancy found
6,P202,reviewed: no discrepancy found
6,P203,finding recorded in report table
6,P204,reviewed: no discrepancy found
6,P205,reviewed: no discrepancy found
6,P206,finding recorded in report table
6,P207,reviewed: no discrepancy found
6,P208,reviewed: no discrepancy found
6,P209,reviewed: no discrepancy found
6,P210,reviewed: no discrepancy found
6,P211,reviewed: no discrepancy found
6,P212,reviewed: no discrepancy found
6,P213,finding recorded in report table
6,P214,reviewed: no discrepancy found
6,P215,finding recorded in report table
6,P216,finding recorded in report table
6,P217,reviewed: no discrepancy found
6,P218,reviewed: no discrepancy found
6,P219,reviewed: no discrepancy found
7,P1,finding recorded in report table
7,P2,finding recorded in report table
7,P3,finding recorded in report table
7,P4,reviewed: no discrepancy found
7,P5,reviewed: no discrepancy found
7,P6,reviewed: no discrepancy found
7,P7,reviewed: no discrepancy found
7,P8,reviewed: no discrepancy found
7,P9,finding recorded in report table
7,P10,reviewed: no discrepancy found
7,P11,reviewed: no discrepancy found
7,P12,reviewed: no discrepancy found
7,P13,reviewed: no discrepancy found
7,P14,reviewed: no discrepancy found
7,P15,finding recorded in report table
7,P16,finding recorded in report table
7,P17,reviewed: no discrepancy found
7,P18,reviewed: no discrepancy found
7,P19,reviewed: no discrepancy found
7,P20,reviewed: no discrepancy found
7,P21,reviewed: no discrepancy found
7,P22,reviewed: no discrepancy found
7,P23,reviewed: no discrepancy found
7,P24,reviewed: no discrepancy found
7,P25,reviewed: no discrepancy found
7,P26,finding recorded in report table
7,P27,reviewed: no discrepancy found
7,P28,reviewed: no discrepancy found
7,P29,reviewed: no discrepancy found
7,P30,reviewed: no discrepancy found
7,P31,reviewed: no discrepancy found
7,P32,reviewed: no discrepancy found
7,P33,finding recorded in report table
7,P34,reviewed: no discrepancy found
7,P35,reviewed: no discrepancy found
7,P36,reviewed: no discrepancy found
7,P37,reviewed: no discrepancy found
7,P38,finding recorded in report table
7,P39,finding recorded in report table
7,P40,reviewed: no discrepancy found
7,P41,reviewed: no discrepancy found
7,P42,reviewed: no discrepancy found
7,P43,reviewed: no discrepancy found
7,P44,finding recorded in report table
7,P45,reviewed: no discrepancy found
7,P46,reviewed: no discrepancy found
7,P47,reviewed: no discrepancy found
7,P48,reviewed: no discrepancy found
7,P49,reviewed: no discrepancy found
7,P50,reviewed: no discrepancy found
7,P51,reviewed: no discrepancy found
7,P52,reviewed: no discrepancy found
7,P53,reviewed: no discrepancy found
7,P54,reviewed: no discrepancy found
7,P55,finding recorded in report table
7,P56,reviewed: no discrepancy found
7,P57,reviewed: no discrepancy found
7,P58,reviewed: no discrepancy found
7,P59,reviewed: no discrepancy found
7,P60,reviewed: no discrepancy found
7,P61,reviewed: no discrepancy found
7,P62,reviewed: no discrepancy found
7,P63,reviewed: no discrepancy found
7,P64,reviewed: no discrepancy found
7,P65,reviewed: no discrepancy found
7,P66,reviewed: no discrepancy found
7,P67,reviewed: no discrepancy found
7,P68,reviewed: no discrepancy found
7,P69,finding recorded in report table
7,P70,reviewed: no discrepancy found
7,P71,reviewed: no discrepancy found
7,P72,reviewed: no discrepancy found
7,P73,reviewed: no discrepancy found
7,P74,reviewed: no discrepancy found
7,P75,reviewed: no discrepancy found
7,P76,reviewed: no discrepancy found
7,P77,finding recorded in report table
7,P78,finding recorded in report table
7,P79,reviewed: no discrepancy found
7,P80,finding recorded in report table
7,P81,reviewed: no discrepancy found
7,P82,reviewed: no discrepancy found
7,P83,reviewed: no discrepancy found
7,P84,reviewed: no discrepancy found
7,P85,reviewed: no discrepancy found
7,P86,reviewed: no discrepancy found
7,P87,finding recorded in report table
7,P88,reviewed: no discrepancy found
7,P89,reviewed: no discrepancy found
7,P90,reviewed: no discrepancy found
7,P91,reviewed: no discrepancy found
7,P92,reviewed: no discrepancy found
7,P93,reviewed: no discrepancy found
7,P94,reviewed: no discrepancy found
7,P95,reviewed: no discrepancy found
7,P96,reviewed: no discrepancy found
7,P97,reviewed: no discrepancy found
7,P98,finding recorded in report table
7,P99,reviewed: no discrepancy found
7,P100,reviewed: no discrepancy found
7,P101,finding recorded in report table
7,P102,finding recorded in report table
7,P103,reviewed: no discrepancy found
7,P104,finding recorded in report table
7,P105,reviewed: no discrepancy found
7,P106,reviewed: no discrepancy found
7,P107,reviewed: no discrepancy found
7,P108,reviewed: no discrepancy found
7,P109,reviewed: no discrepancy found
7,P110,reviewed: no discrepancy found
7,P111,reviewed: no discrepancy found
7,P112,reviewed: no discrepancy found
7,P113,finding recorded in report table
7,P114,reviewed: no discrepancy found
7,P115,reviewed: no discrepancy found
7,P116,reviewed: no discrepancy found
7,P117,reviewed: no discrepancy found
7,P118,reviewed: no discrepancy found
7,P119,reviewed: no discrepancy found
7,P120,reviewed: no discrepancy found
7,P121,finding recorded in report table
7,P122,reviewed: no discrepancy found
7,P123,finding recorded in report table
7,P124,reviewed: no discrepancy found
7,P125,reviewed: no discrepancy found
7,P126,reviewed: no discrepancy found
7,P127,finding recorded in report table
7,P128,finding recorded in report table
7,P129,finding recorded in report table
7,P130,finding recorded in report table
7,P131,finding recorded in report table
7,P132,reviewed: no discrepancy found
7,P133,reviewed: no discrepancy found
7,P134,reviewed: no discrepancy found
7,P135,reviewed: no discrepancy found
7,P136,reviewed: no discrepancy found
7,P137,reviewed: no discrepancy found
7,P138,finding recorded in report table
7,P139,reviewed: no discrepancy found
7,P140,reviewed: no discrepancy found
7,P141,finding recorded in report table
7,P142,reviewed: no discrepancy found
7,P143,reviewed: no discrepancy found
7,P144,reviewed: no discrepancy found
7,P145,reviewed: no discrepancy found
7,P146,finding recorded in report table
7,P147,finding recorded in report table
7,P148,reviewed: no discrepancy found
7,P149,reviewed: no discrepancy found
7,P150,reviewed: no discrepancy found
7,P151,reviewed: no discrepancy found
7,P152,finding recorded in report table
7,P153,reviewed: no discrepancy found
7,P154,reviewed: no discrepancy found
7,P155,reviewed: no discrepancy found
7,P156,reviewed: no discrepancy found
7,P157,reviewed: no discrepancy found
7,P158,reviewed: no discrepancy found
7,P159,finding recorded in report table
7,P160,reviewed: no discrepancy found
7,P161,reviewed: no discrepancy found
7,P162,reviewed: no discrepancy found
7,P163,reviewed: no discrepancy found
7,P164,reviewed: no discrepancy found
7,P165,finding recorded in report table
7,P166,reviewed: no discrepancy found
7,P167,reviewed: no discrepancy found
7,P168,finding recorded in report table
7,P169,reviewed: no discrepancy found
7,P170,finding recorded in report table
7,P171,reviewed: no discrepancy found
7,P172,reviewed: no discrepancy found
7,P173,reviewed: no discrepancy found
7,P174,reviewed: no discrepancy found
7,P175,reviewed: no discrepancy found
7,P176,reviewed: no discrepancy found
7,P177,reviewed: no discrepancy found
7,P178,finding recorded in report table
7,P179,reviewed: no discrepancy found
7,P180,reviewed: no discrepancy found
7,P181,reviewed: no discrepancy found
7,P182,finding recorded in report table
7,P183,reviewed: no discrepancy found
7,P184,reviewed: no discrepancy found
7,P185,reviewed: no discrepancy found
7,P186,finding recorded in report table
7,P187,reviewed: no discrepancy found
7,P188,reviewed: no discrepancy found
7,P189,finding recorded in report table
7,P190,reviewed: no discrepancy found
7,P191,finding recorded in report table
7,P192,reviewed: no discrepancy found
7,P193,reviewed: no discrepancy found
7,P194,reviewed: no discrepancy found
7,P195,reviewed: no discrepancy found
7,P196,reviewed: no discrepancy found
7,P197,reviewed: no discrepancy found
7,P198,finding recorded in report table
7,P199,reviewed: no discrepancy found
7,P200,finding recorded in report table
7,P201,reviewed: no discrepancy found
7,P202,reviewed: no discrepancy found
7,P203,reviewed: no discrepancy found
7,P204,reviewed: no discrepancy found
7,P205,finding recorded in report table
7,P206,reviewed: no discrepancy found
7,P207,retain: printed/dialect/edition form deliberately preserved
7,P208,reviewed: no discrepancy found
7,P209,finding recorded in report table
7,P210,reviewed: no discrepancy found
7,P211,reviewed: no discrepancy found
7,P212,reviewed: no discrepancy found
7,P213,reviewed: no discrepancy found
7,P214,reviewed: no discrepancy found
7,P215,reviewed: no discrepancy found
7,P216,reviewed: no discrepancy found
7,P217,finding recorded in report table
7,P218,finding recorded in report table
7,P219,finding recorded in report table
7,P220,reviewed: no discrepancy found
7,P221,finding recorded in report table
7,P222,reviewed: no discrepancy found
7,P223,retain: printed/dialect/edition form deliberately preserved
7,P224,reviewed: no discrepancy found
7,P225,reviewed: no discrepancy found
7,P226,reviewed: no discrepancy found
7,P227,reviewed: no discrepancy found
7,P228,finding recorded in report table
7,P229,reviewed: no discrepancy found
7,P230,reviewed: no discrepancy found
7,P231,reviewed: no discrepancy found
7,P232,finding recorded in report table
7,P233,reviewed: no discrepancy found
7,P234,reviewed: no discrepancy found
7,P235,reviewed: no discrepancy found
7,P236,reviewed: no discrepancy found
7,P237,reviewed: no discrepancy found
7,P238,reviewed: no discrepancy found
7,P239,reviewed: no discrepancy found
7,P240,reviewed: no discrepancy found
7,P241,reviewed: no discrepancy found
7,P242,reviewed: no discrepancy found
7,P243,reviewed: no discrepancy found
7,P244,reviewed: no discrepancy found
7,P245,reviewed: no discrepancy found
7,P246,reviewed: no discrepancy found
7,P247,reviewed: no discrepancy found
7,P248,reviewed: no discrepancy found
7,P249,reviewed: no discrepancy found
7,P250,reviewed: no discrepancy found
7,P251,reviewed: no discrepancy found
7,P252,reviewed: no discrepancy found
7,P253,reviewed: no discrepancy found
7,P254,finding recorded in report table
7,P255,reviewed: no discrepancy found
7,P256,reviewed: no discrepancy found
7,P257,reviewed: no discrepancy found
7,P258,reviewed: no discrepancy found
7,P259,reviewed: no discrepancy found
7,P260,reviewed: no discrepancy found
7,P261,reviewed: no discrepancy found
7,P262,reviewed: no discrepancy found
7,P263,reviewed: no discrepancy found
7,P264,reviewed: no discrepancy found
7,P265,reviewed: no discrepancy found
7,P266,reviewed: no discrepancy found
7,P267,finding recorded in report table
7,P268,reviewed: no discrepancy found
7,P269,reviewed: no discrepancy found
7,P270,reviewed: no discrepancy found
7,P271,reviewed: no discrepancy found
7,P272,reviewed: no discrepancy found
7,P273,reviewed: no discrepancy found
7,P274,reviewed: no discrepancy found
7,P275,finding recorded in report table
7,P276,finding recorded in report table
7,P277,reviewed: no discrepancy found
7,P278,finding recorded in report table
7,P279,reviewed: no discrepancy found
7,P280,finding recorded in report table
7,P281,reviewed: no discrepancy found
7,P282,reviewed: no discrepancy found
7,P283,reviewed: no discrepancy found
7,P284,finding recorded in report table
7,P285,reviewed: no discrepancy found
7,P286,reviewed: no discrepancy found
7,P287,reviewed: no discrepancy found
7,P288,finding recorded in report table
7,P289,reviewed: no discrepancy found
7,P290,reviewed: no discrepancy found
7,P291,reviewed: no discrepancy found
7,P292,finding recorded in report table
7,P293,reviewed: no discrepancy found
7,P294,finding recorded in report table
7,P295,reviewed: no discrepancy found
7,P296,finding recorded in report table
7,P297,reviewed: no discrepancy found
7,P298,reviewed: no discrepancy found
7,P299,reviewed: no discrepancy found
7,P300,reviewed: no discrepancy found
7,P301,finding recorded in report table
7,P302,reviewed: no discrepancy found
7,P303,reviewed: no discrepancy found
7,P304,reviewed: no discrepancy found
7,P305,reviewed: no discrepancy found
7,P306,reviewed: no discrepancy found
7,P307,reviewed: no discrepancy found
7,P308,reviewed: no discrepancy found
7,P309,reviewed: no discrepancy found
7,P310,reviewed: no discrepancy found
7,P311,reviewed: no discrepancy found
7,P312,reviewed: no discrepancy found
7,P313,reviewed: no discrepancy found
7,P314,reviewed: no discrepancy found
7,P315,reviewed: no discrepancy found
7,P316,reviewed: no discrepancy found
7,P317,reviewed: no discrepancy found
7,P318,reviewed: no discrepancy found
7,P319,reviewed: no discrepancy found
7,P320,reviewed: no discrepancy found
7,P321,finding recorded in report table
7,P322,reviewed: no discrepancy found
7,P323,reviewed: no discrepancy found
7,P324,reviewed: no discrepancy found
7,P325,reviewed: no discrepancy found
7,P326,reviewed: no discrepancy found
7,P327,reviewed: no discrepancy found
7,P328,reviewed: no discrepancy found
7,P329,reviewed: no discrepancy found
7,P330,reviewed: no discrepancy found
7,P331,reviewed: no discrepancy found
7,P332,reviewed: no discrepancy found
7,P333,reviewed: no discrepancy found
7,P334,reviewed: no discrepancy found
7,P335,reviewed: no discrepancy found
7,P336,reviewed: no discrepancy found
7,P337,reviewed: no discrepancy found
7,P338,reviewed: no discrepancy found
7,P339,reviewed: no discrepancy found
7,P340,reviewed: no discrepancy found
7,P341,reviewed: no discrepancy found
7,P342,reviewed: no discrepancy found
7,P343,reviewed: no discrepancy found
7,P344,reviewed: no discrepancy found
7,P345,reviewed: no discrepancy found
7,P346,reviewed: no discrepancy found
7,P347,reviewed: no discrepancy found
7,P348,reviewed: no discrepancy found
7,P349,finding recorded in report table
7,P350,reviewed: no discrepancy found
7,P351,reviewed: no discrepancy found
7,P352,finding recorded in report table
7,P353,finding recorded in report table
7,P354,reviewed: no discrepancy found
7,P355,reviewed: no discrepancy found
7,P356,finding recorded in report table
7,P357,reviewed: no discrepancy found
7,P358,reviewed: no discrepancy found
7,P359,reviewed: no discrepancy found
7,P360,reviewed: no discrepancy found
7,P361,reviewed: no discrepancy found
7,P362,reviewed: no discrepancy found
7,P363,reviewed: no discrepancy found
7,P364,reviewed: no discrepancy found
7,P365,reviewed: no discrepancy found
7,P366,reviewed: no discrepancy found
7,P367,finding recorded in report table
7,P368,reviewed: no discrepancy found
7,P369,reviewed: no discrepancy found
7,P370,reviewed: no discrepancy found
7,P371,reviewed: no discrepancy found
7,P372,reviewed: no discrepancy found
7,P373,reviewed: no discrepancy found
