"sequencePage","scanPage","sourceFolioTemplate","proofreadQuality","revisionId","characters"
"1","3",,"0","580160","0"
"2","4",,"0","580002","0"
"3","5",,"4","580013","0"
"4","6",,"4","580226","476"
"5","7",,"4","504354","0"
"6","8",,"4","504353","58"
"7","9",,"4","504352","21"
"8","10",,"0","579694","0"
"9","11",,"3","579704","2059"
"10","12","10","3","579715","2255"
"11","13","11","3","579726","2363"
"12","14","12","3","579736","2141"
"13","15","13","3","579747","2055"
"14","16",,"3","579758","2419"
"15","17",,"3","579769","1770"
"16","18","16","3","579780","2321"
"17","19","19","3","579791","2475"
"18","20","18","3","579803","2585"
"19","21","19","3","579814","2437"
"20","22","20","3","579826","2081"
"21","23","21","3","579838","2132"
"22","24","22","3","579849","2255"
"23","25","23","3","579861","1998"
"24","26","24","3","579872","1984"
"25","27","25","3","579883","1957"
"26","28","26","3","579895","1839"
"27","29","29","3","579907","2149"
"28","30","28","3","579919","2426"
"29","31","29","3","579930","2151"
"30","32","30","3","579942","2034"
"31","33","31","3","579953","2366"
"32","34","32","3","579965","2260"
"33","35","33","3","579976","2196"
"34","36","34","3","579987","2335"
"35","37","35","3","579999","2167"
"36","38","36","3","580000","2106"
"37","39","37","3","580001","2138"
"38","40","38","3","580003","2090"
"39","41","39","3","580004","2220"
"40","42","40","3","580005","2047"
"41","43","41","3","580006","2071"
"42","44","42","3","580007","2288"
"43","45","43","3","580008","1998"
"44","46","44","3","580009","1823"
"45","47","45","3","580010","2139"
"46","48","46","3","580011","2006"
"47","49","47","3","580012","2425"
"48","50","48","3","580014","2079"
"49","51","49","3","480186","2138"
"50","52","50","3","299698","2218"
"51","53","59","3","580015","2129"
"52","54","52","3","299709","2478"
"53","55","53","3","299751","2247"
"54","56","54","3","299752","2501"
"55","57","55","3","480190","1764"
"56","58",,"3","580016","2358"
"57","59","57","3","299763","2373"
"58","60","58","3","299767","2297"
"59","61","59","3","580018","2233"
"60","62","60","3","580019","2113"
"61","63","69","3","580020","2167"
"62","64","62","3","580021","2132"
"63","65","63","3","580022","2053"
"64","66","64","3","580023","2011"
"65","67","65","3","580024","1802"
"66","68","66","3","580025","2222"
"67","69","67","3","580026","1942"
"68","70","68","3","580027","2124"
"69","71","69","3","580028","2359"
"70","72","70","3","580029","2112"
"71","73","71","3","580030","2116"
"72","74","72","3","580031","2328"
"73","75","73","3","580033","2299"
"74","76","74","3","580034","2240"
"75","77","75","3","580035","2310"
"76","78","76","3","580036","2267"
"77","79","77","3","580037","2136"
"78","80","78","3","580038","2041"
"79","81","79","3","580039","2505"
"80","82","80","3","580040","2439"
"81","83","89","3","580041","1803"
"82","84","82","3","580042","1884"
"83","85","83","3","580043","1786"
"84","86","84","3","580044","1848"
"85","87","85","3","580045","2187"
"86","88","86","3","580047","2003"
"87","89","87","3","580048","2171"
"88","90","88","3","580049","1888"
"89","91","89","3","580050","1965"
"90","92","90","3","580052","2030"
"91","93","91","3","580053","2042"
"92","94","92","3","580054","2235"
"93","95","93","3","580055","1878"
"94","96","94","3","580056","2211"
"95","97","95","4","580057","2312"
"96","98","96","3","580058","1868"
"97","99","97","3","580060","2128"
"98","100","98","3","580062","2309"
"99","101","99","3","579695","2143"
"100","102","100","3","579696","2067"
